{
    "averge_document_length": {
        "stars": 36.133949191685915,
        "genres": 2.5681293302540418,
        "summaries": 380.0692840646651
    },
    "document_count": 433
}