{"Precision": 0.6333333333333333, "Recall": 0.6333333333333333, "F1 Score": 0.6333333333333333, "Average Precision": 0.5616666666666666, "Mean Average Precision": 0.5616666666666666, "Discounted Cumulative Gain": 141.31262152718142, "Normalized Discounted Cumulative Gain": 0.5160088499069975, "Reciprocal Rank": 0.2638888888888889, "Mean Reciprocal Rank": 0.7416666666666667, "_timestamp": 1712648210.202891, "_runtime": 1.671910047531128, "_step": 0, "_wandb": {"runtime": 0}}